slice_file_name,fold,classID,class_name
1_1,1,1,person-one
1_2,1,1,person-one
1_3,1,1,person-one
1_4,1,1,person-one
1_5,1,1,person-one
1_6,1,1,person-one
1_7,1,1,person-one
1_8,1,1,person-one
1_9,1,1,person-one
1_10,1,1,person-one
1_11,1,1,person-one
1_12,1,1,person-one
1_13,1,1,person-one
1_14,1,1,person-one
1_15,1,1,person-one
1_16,1,1,person-one
1_17,1,1,person-one
1_18,1,1,person-one
1_19,1,1,person-one
1_20,1,1,person-one
1_21_2,1,1,person-one
1_21_3,1,1,person-one
1_21_4,1,1,person-one
1_22_1,1,1,person-one
1_22_2,1,1,person-one
1_22_3,1,1,person-one
1_22_4,1,1,person-one
1_23_1,1,1,person-one
1_23_2,1,1,person-one
1_23_3,1,1,person-one
1_23_4,1,1,person-one
1_24_1,1,1,person-one
1_24_2,1,1,person-one
1_24_3,1,1,person-one
1_24_4,1,1,person-one
1_25_1,1,1,person-one
1_25_2,1,1,person-one
1_25_3,1,1,person-one
1_25_4,1,1,person-one
1_26_1,1,1,person-one
1_26_2,1,1,person-one
1_26_3,1,1,person-one
1_26_4,1,1,person-one
1_27_1,1,1,person-one
1_27_2,1,1,person-one
1_27_3,1,1,person-one
1_27_4,1,1,person-one
1_28_1,1,1,person-one
1_28_2,1,1,person-one
1_28_3,1,1,person-one
1_28_4,1,1,person-one
1_29,1,1,person-one
1_30,1,1,person-one
1_31,1,1,person-one
1_32,1,1,person-one
1_33,1,1,person-one
1_34,1,1,person-one
1_35,1,1,person-one
1_36,1,1,person-one
1_37,1,1,person-one
1_38,1,1,person-one
1_39,1,1,person-one
1_40,1,1,person-one
1_41,1,1,person-one
1_42,1,1,person-one
1_43,1,1,person-one
1_44,1,1,person-one
1_45,1,1,person-one
1_46,1,1,person-one
1_47,1,1,person-one
1_48,1,1,person-one
1_49,1,1,person-one
1_50,1,1,person-one
1_51,1,1,person-one
1_52,1,1,person-one
1_53,1,1,person-one
1_54,1,1,person-one
1_55,1,1,person-one
1_56,1,1,person-one
1_57,1,1,person-one
1_58,1,1,person-one
1_59,1,1,person-one
1_60,1,1,person-one
1_61,1,1,person-one
1_62,1,1,person-one
1_63,1,1,person-one
1_64,1,1,person-one
1_65,1,1,person-one
1_66,1,1,person-one
1_67,1,1,person-one
1_68,1,1,person-one
1_69,1,1,person-one
1_70,1,1,person-one
1_71,1,1,person-one
1_72,1,1,person-one
1_73,1,1,person-one
1_74,1,1,person-one
1_75,1,1,person-one
1_76,1,1,person-one
1_77,1,1,person-one
1_78,1,1,person-one
2_1,2,2,person-two
2_2,2,2,person-two
2_3,2,2,person-two
2_4,2,2,person-two
2_5,2,2,person-two
2_6,2,2,person-two
2_7,2,2,person-two
2_8,2,2,person-two
2_9,2,2,person-two
2_10,2,2,person-two
2_11,2,2,person-two
2_12,2,2,person-two
2_13,2,2,person-two
2_14,2,2,person-two
2_15,2,2,person-two
2_16,2,2,person-two
2_17,2,2,person-two
2_18,2,2,person-two
2_19,2,2,person-two
2_20,2,2,person-two
2_21_2,2,2,person-two
2_21_3,2,2,person-two
2_21_4,2,2,person-two
2_22_1,2,2,person-two
2_22_2,2,2,person-two
2_22_3,2,2,person-two
2_22_4,2,2,person-two
2_23_1,2,2,person-two
2_23_2,2,2,person-two
2_23_3,2,2,person-two
2_23_4,2,2,person-two
2_24_1,2,2,person-two
2_24_2,2,2,person-two
2_24_3,2,2,person-two
2_24_4,2,2,person-two
2_25_1,2,2,person-two
2_25_2,2,2,person-two
2_25_3,2,2,person-two
2_25_4,2,2,person-two
2_26_1,2,2,person-two
2_26_2,2,2,person-two
2_26_3,2,2,person-two
2_26_4,2,2,person-two
2_27_1,2,2,person-two
2_27_2,2,2,person-two
2_27_3,2,2,person-two
2_27_4,2,2,person-two
2_28_1,2,2,person-two
2_28_2,2,2,person-two
2_28_3,2,2,person-two
2_28_4,2,2,person-two
2_29,2,2,person-two
2_30,2,2,person-two
2_31,2,2,person-two
2_32,2,2,person-two
2_33,2,2,person-two
2_34,2,2,person-two
2_35,2,2,person-two
2_36,2,2,person-two
2_37,2,2,person-two
2_38,2,2,person-two
2_39,2,2,person-two
2_40,2,2,person-two
2_41,2,2,person-two
2_42,2,2,person-two
2_43,2,2,person-two
2_44,2,2,person-two
2_45,2,2,person-two
2_46,2,2,person-two
2_47,2,2,person-two
2_48,2,2,person-two
2_49,2,2,person-two
2_50,2,2,person-two
2_51,2,2,person-two
2_52,2,2,person-two
2_53,2,2,person-two
2_54,2,2,person-two
2_55,2,2,person-two
2_56,2,2,person-two
2_57,2,2,person-two
2_58,2,2,person-two
2_59,2,2,person-two
2_60,2,2,person-two
2_61,2,2,person-two
2_62,2,2,person-two
2_63,2,2,person-two
2_64,2,2,person-two
2_65,2,2,person-two
2_66,2,2,person-two
2_67,2,2,person-two
2_68,2,2,person-two
2_69,2,2,person-two
2_70,2,2,person-two
2_71,2,2,person-two
2_72,2,2,person-two
2_73,2,2,person-two
2_74,2,2,person-two
2_75,2,2,person-two
2_76,2,2,person-two
2_77,2,2,person-two
2_78,2,2,person-two
3_1,3,3,person-three
3_2,3,3,person-three
3_3,3,3,person-three
3_4,3,3,person-three
3_5,3,3,person-three
3_6,3,3,person-three
3_7,3,3,person-three
3_8,3,3,person-three
3_9,3,3,person-three
3_10,3,3,person-three
3_11,3,3,person-three
3_12,3,3,person-three
3_13,3,3,person-three
3_14,3,3,person-three
3_15,3,3,person-three
3_16,3,3,person-three
3_17,3,3,person-three
3_18,3,3,person-three
3_19,3,3,person-three
3_20,3,3,person-three
3_21_2,3,3,person-three
3_21_3,3,3,person-three
3_21_4,3,3,person-three
3_22_1,3,3,person-three
3_22_2,3,3,person-three
3_22_3,3,3,person-three
3_22_4,3,3,person-three
3_23_1,3,3,person-three
3_23_2,3,3,person-three
3_23_3,3,3,person-three
3_23_4,3,3,person-three
3_24_1,3,3,person-three
3_24_2,3,3,person-three
3_24_3,3,3,person-three
3_24_4,3,3,person-three
3_25_1,3,3,person-three
3_25_2,3,3,person-three
3_25_3,3,3,person-three
3_25_4,3,3,person-three
3_26_1,3,3,person-three
3_26_2,3,3,person-three
3_26_3,3,3,person-three
3_26_4,3,3,person-three
3_27_1,3,3,person-three
3_27_2,3,3,person-three
3_27_3,3,3,person-three
3_27_4,3,3,person-three
3_28_1,3,3,person-three
3_28_2,3,3,person-three
3_28_3,3,3,person-three
3_28_4,3,3,person-three
3_29,3,3,person-three
3_30,3,3,person-three
3_31,3,3,person-three
3_32,3,3,person-three
3_33,3,3,person-three
3_34,3,3,person-three
3_35,3,3,person-three
3_36,3,3,person-three
3_37,3,3,person-three
3_38,3,3,person-three
3_39,3,3,person-three
3_40,3,3,person-three
3_41,3,3,person-three
3_42,3,3,person-three
3_43,3,3,person-three
3_44,3,3,person-three
3_45,3,3,person-three
3_46,3,3,person-three
3_47,3,3,person-three
3_48,3,3,person-three
3_49,3,3,person-three
3_50,3,3,person-three
3_51,3,3,person-three
3_52,3,3,person-three
3_53,3,3,person-three
3_54,3,3,person-three
3_55,3,3,person-three
3_56,3,3,person-three
3_57,3,3,person-three
3_58,3,3,person-three
3_59,3,3,person-three
3_60,3,3,person-three
3_61,3,3,person-three
3_62,3,3,person-three
3_63,3,3,person-three
3_64,3,3,person-three
3_65,3,3,person-three
3_66,3,3,person-three
3_67,3,3,person-three
3_68,3,3,person-three
3_69,3,3,person-three
3_70,3,3,person-three
3_71,3,3,person-three
3_72,3,3,person-three
3_73,3,3,person-three
3_74,3,3,person-three
3_75,3,3,person-three
3_76,3,3,person-three
3_77,3,3,person-three
3_78,3,3,person-three
4_1,4,4,person-four
4_2,4,4,person-four
4_3,4,4,person-four
4_4,4,4,person-four
4_5,4,4,person-four
4_6,4,4,person-four
4_7,4,4,person-four
4_8,4,4,person-four
4_9,4,4,person-four
4_10,4,4,person-four
4_11,4,4,person-four
4_12,4,4,person-four
4_13,4,4,person-four
4_14,4,4,person-four
4_15,4,4,person-four
4_16,4,4,person-four
4_17,4,4,person-four
4_18,4,4,person-four
4_19,4,4,person-four
4_20,4,4,person-four
4_21_2,4,4,person-four
4_21_3,4,4,person-four
4_21_4,4,4,person-four
4_22_1,4,4,person-four
4_22_2,4,4,person-four
4_22_3,4,4,person-four
4_22_4,4,4,person-four
4_23_1,4,4,person-four
4_23_2,4,4,person-four
4_23_3,4,4,person-four
4_23_4,4,4,person-four
4_24_1,4,4,person-four
4_24_2,4,4,person-four
4_24_3,4,4,person-four
4_24_4,4,4,person-four
4_25_1,4,4,person-four
4_25_2,4,4,person-four
4_25_3,4,4,person-four
4_25_4,4,4,person-four
4_26_1,4,4,person-four
4_26_2,4,4,person-four
4_26_3,4,4,person-four
4_26_4,4,4,person-four
4_27_1,4,4,person-four
4_27_2,4,4,person-four
4_27_3,4,4,person-four
4_27_4,4,4,person-four
4_28_1,4,4,person-four
4_28_2,4,4,person-four
4_28_3,4,4,person-four
4_28_4,4,4,person-four
4_29,4,4,person-four
4_30,4,4,person-four
4_31,4,4,person-four
4_32,4,4,person-four
4_33,4,4,person-four
4_34,4,4,person-four
4_35,4,4,person-four
4_36,4,4,person-four
4_37,4,4,person-four
4_38,4,4,person-four
4_39,4,4,person-four
4_40,4,4,person-four
4_41,4,4,person-four
4_42,4,4,person-four
4_43,4,4,person-four
4_44,4,4,person-four
4_45,4,4,person-four
4_46,4,4,person-four
4_47,4,4,person-four
4_48,4,4,person-four
4_49,4,4,person-four
4_50,4,4,person-four
4_51,4,4,person-four
4_52,4,4,person-four
4_53,4,4,person-four
4_54,4,4,person-four
4_55,4,4,person-four
4_56,4,4,person-four
4_57,4,4,person-four
4_58,4,4,person-four
4_59,4,4,person-four
4_60,4,4,person-four
4_61,4,4,person-four
4_62,4,4,person-four
4_63,4,4,person-four
4_64,4,4,person-four
4_65,4,4,person-four
4_66,4,4,person-four
4_67,4,4,person-four
4_68,4,4,person-four
4_69,4,4,person-four
4_70,4,4,person-four
4_71,4,4,person-four
4_72,4,4,person-four
4_73,4,4,person-four
4_74,4,4,person-four
4_75,4,4,person-four
4_76,4,4,person-four
4_77,4,4,person-four
4_78,4,4,person-four
5_1,5,5,person-five
5_2,5,5,person-five
5_3,5,5,person-five
5_4,5,5,person-five
5_5,5,5,person-five
5_6,5,5,person-five
5_7,5,5,person-five
5_8,5,5,person-five
5_9,5,5,person-five
5_10,5,5,person-five
5_11,5,5,person-five
5_12,5,5,person-five
5_13,5,5,person-five
5_14,5,5,person-five
5_15,5,5,person-five
5_16,5,5,person-five
5_17,5,5,person-five
5_18,5,5,person-five
5_19,5,5,person-five
5_20,5,5,person-five
5_21_2,5,5,person-five
5_21_3,5,5,person-five
5_21_4,5,5,person-five
5_22_1,5,5,person-five
5_22_2,5,5,person-five
5_22_3,5,5,person-five
5_22_4,5,5,person-five
5_23_1,5,5,person-five
5_23_2,5,5,person-five
5_23_3,5,5,person-five
5_23_4,5,5,person-five
5_24_1,5,5,person-five
5_24_2,5,5,person-five
5_24_3,5,5,person-five
5_24_4,5,5,person-five
5_25_1,5,5,person-five
5_25_2,5,5,person-five
5_25_3,5,5,person-five
5_25_4,5,5,person-five
5_26_1,5,5,person-five
5_26_2,5,5,person-five
5_26_3,5,5,person-five
5_26_4,5,5,person-five
5_27_1,5,5,person-five
5_27_2,5,5,person-five
5_27_3,5,5,person-five
5_27_4,5,5,person-five
5_28_1,5,5,person-five
5_28_2,5,5,person-five
5_28_3,5,5,person-five
5_28_4,5,5,person-five
5_29,5,5,person-five
5_30,5,5,person-five
5_31,5,5,person-five
5_32,5,5,person-five
5_33,5,5,person-five
5_34,5,5,person-five
5_35,5,5,person-five
5_36,5,5,person-five
5_37,5,5,person-five
5_38,5,5,person-five
5_39,5,5,person-five
5_40,5,5,person-five
5_41,5,5,person-five
5_42,5,5,person-five
5_43,5,5,person-five
5_44,5,5,person-five
5_45,5,5,person-five
5_46,5,5,person-five
5_47,5,5,person-five
5_48,5,5,person-five
5_49,5,5,person-five
5_50,5,5,person-five
5_51,5,5,person-five
5_52,5,5,person-five
5_53,5,5,person-five
5_54,5,5,person-five
5_55,5,5,person-five
5_56,5,5,person-five
5_57,5,5,person-five
5_58,5,5,person-five
5_59,5,5,person-five
5_60,5,5,person-five
5_61,5,5,person-five
5_62,5,5,person-five
5_63,5,5,person-five
5_64,5,5,person-five
5_65,5,5,person-five
5_66,5,5,person-five
5_67,5,5,person-five
5_68,5,5,person-five
5_69,5,5,person-five
5_70,5,5,person-five
5_71,5,5,person-five
5_72,5,5,person-five
5_73,5,5,person-five
5_74,5,5,person-five
5_75,5,5,person-five
5_76,5,5,person-five
5_77,5,5,person-five
5_78,5,5,person-five
6_1,6,6,person-six
6_2,6,6,person-six
6_3,6,6,person-six
6_4,6,6,person-six
6_5,6,6,person-six
6_6,6,6,person-six
6_7,6,6,person-six
6_8,6,6,person-six
6_9,6,6,person-six
6_10,6,6,person-six
6_11,6,6,person-six
6_12,6,6,person-six
6_13,6,6,person-six
6_14,6,6,person-six
6_15,6,6,person-six
6_16,6,6,person-six
6_17,6,6,person-six
6_18,6,6,person-six
6_19,6,6,person-six
6_20,6,6,person-six
6_21_2,6,6,person-six
6_21_3,6,6,person-six
6_21_4,6,6,person-six
6_22_1,6,6,person-six
6_22_2,6,6,person-six
6_22_3,6,6,person-six
6_22_4,6,6,person-six
6_23_1,6,6,person-six
6_23_2,6,6,person-six
6_23_3,6,6,person-six
6_23_4,6,6,person-six
6_24_1,6,6,person-six
6_24_2,6,6,person-six
6_24_3,6,6,person-six
6_24_4,6,6,person-six
6_25_1,6,6,person-six
6_25_2,6,6,person-six
6_25_3,6,6,person-six
6_25_4,6,6,person-six
6_26_1,6,6,person-six
6_26_2,6,6,person-six
6_26_3,6,6,person-six
6_26_4,6,6,person-six
6_27_1,6,6,person-six
6_27_2,6,6,person-six
6_27_3,6,6,person-six
6_27_4,6,6,person-six
6_28_1,6,6,person-six
6_28_2,6,6,person-six
6_28_3,6,6,person-six
6_28_4,6,6,person-six
6_29,6,6,person-six
6_30,6,6,person-six
6_31,6,6,person-six
6_32,6,6,person-six
6_33,6,6,person-six
6_34,6,6,person-six
6_35,6,6,person-six
6_36,6,6,person-six
6_37,6,6,person-six
6_38,6,6,person-six
6_39,6,6,person-six
6_40,6,6,person-six
6_41,6,6,person-six
6_42,6,6,person-six
6_43,6,6,person-six
6_44,6,6,person-six
6_45,6,6,person-six
6_46,6,6,person-six
6_47,6,6,person-six
6_48,6,6,person-six
6_49,6,6,person-six
6_50,6,6,person-six
6_51,6,6,person-six
6_52,6,6,person-six
6_53,6,6,person-six
6_54,6,6,person-six
6_55,6,6,person-six
6_56,6,6,person-six
6_57,6,6,person-six
6_58,6,6,person-six
6_59,6,6,person-six
6_60,6,6,person-six
6_61,6,6,person-six
6_62,6,6,person-six
6_63,6,6,person-six
6_64,6,6,person-six
6_65,6,6,person-six
6_66,6,6,person-six
6_67,6,6,person-six
6_68,6,6,person-six
6_69,6,6,person-six
6_70,6,6,person-six
6_71,6,6,person-six
6_72,6,6,person-six
6_73,6,6,person-six
6_74,6,6,person-six
6_75,6,6,person-six
6_76,6,6,person-six
6_77,6,6,person-six
6_78,6,6,person-six
7_1,7,7,person-seven
7_2,7,7,person-seven
7_3,7,7,person-seven
7_4,7,7,person-seven
7_5,7,7,person-seven
7_6,7,7,person-seven
7_7,7,7,person-seven
7_8,7,7,person-seven
7_9,7,7,person-seven
7_10,7,7,person-seven
7_11,7,7,person-seven
7_12,7,7,person-seven
7_13,7,7,person-seven
7_14,7,7,person-seven
7_15,7,7,person-seven
7_16,7,7,person-seven
7_17,7,7,person-seven
7_18,7,7,person-seven
7_19,7,7,person-seven
7_20,7,7,person-seven
7_21_2,7,7,person-seven
7_21_3,7,7,person-seven
7_21_4,7,7,person-seven
7_22_1,7,7,person-seven
7_22_2,7,7,person-seven
7_22_3,7,7,person-seven
7_22_4,7,7,person-seven
7_23_1,7,7,person-seven
7_23_2,7,7,person-seven
7_23_3,7,7,person-seven
7_23_4,7,7,person-seven
7_24_1,7,7,person-seven
7_24_2,7,7,person-seven
7_24_3,7,7,person-seven
7_24_4,7,7,person-seven
7_25_1,7,7,person-seven
7_25_2,7,7,person-seven
7_25_3,7,7,person-seven
7_25_4,7,7,person-seven
7_26_1,7,7,person-seven
7_26_2,7,7,person-seven
7_26_3,7,7,person-seven
7_26_4,7,7,person-seven
7_27_1,7,7,person-seven
7_27_2,7,7,person-seven
7_27_3,7,7,person-seven
7_27_4,7,7,person-seven
7_28_1,7,7,person-seven
7_28_2,7,7,person-seven
7_28_3,7,7,person-seven
7_28_4,7,7,person-seven
7_29,7,7,person-seven
7_30,7,7,person-seven
7_31,7,7,person-seven
7_32,7,7,person-seven
7_33,7,7,person-seven
7_34,7,7,person-seven
7_35,7,7,person-seven
7_36,7,7,person-seven
7_37,7,7,person-seven
7_38,7,7,person-seven
7_39,7,7,person-seven
7_40,7,7,person-seven
7_41,7,7,person-seven
7_42,7,7,person-seven
7_43,7,7,person-seven
7_44,7,7,person-seven
7_45,7,7,person-seven
7_46,7,7,person-seven
7_47,7,7,person-seven
7_48,7,7,person-seven
7_49,7,7,person-seven
7_50,7,7,person-seven
7_51,7,7,person-seven
7_52,7,7,person-seven
7_53,7,7,person-seven
7_54,7,7,person-seven
7_55,7,7,person-seven
7_56,7,7,person-seven
7_57,7,7,person-seven
7_58,7,7,person-seven
7_59,7,7,person-seven
7_60,7,7,person-seven
7_61,7,7,person-seven
7_62,7,7,person-seven
7_63,7,7,person-seven
7_64,7,7,person-seven
7_65,7,7,person-seven
7_66,7,7,person-seven
7_67,7,7,person-seven
7_68,7,7,person-seven
7_69,7,7,person-seven
7_70,7,7,person-seven
7_71,7,7,person-seven
7_72,7,7,person-seven
7_73,7,7,person-seven
7_74,7,7,person-seven
7_75,7,7,person-seven
7_76,7,7,person-seven
7_77,7,7,person-seven
7_78,7,7,person-seven
8_1,8,8,person-eight
8_2,8,8,person-eight
8_3,8,8,person-eight
8_4,8,8,person-eight
8_5,8,8,person-eight
8_6,8,8,person-eight
8_7,8,8,person-eight
8_8,8,8,person-eight
8_9,8,8,person-eight
8_10,8,8,person-eight
8_11,8,8,person-eight
8_12,8,8,person-eight
8_13,8,8,person-eight
8_14,8,8,person-eight
8_15,8,8,person-eight
8_16,8,8,person-eight
8_17,8,8,person-eight
8_18,8,8,person-eight
8_19,8,8,person-eight
8_20,8,8,person-eight
8_21_2,8,8,person-eight
8_21_3,8,8,person-eight
8_21_4,8,8,person-eight
8_22_1,8,8,person-eight
8_22_2,8,8,person-eight
8_22_3,8,8,person-eight
8_22_4,8,8,person-eight
8_23_1,8,8,person-eight
8_23_2,8,8,person-eight
8_23_3,8,8,person-eight
8_23_4,8,8,person-eight
8_24_1,8,8,person-eight
8_24_2,8,8,person-eight
8_24_3,8,8,person-eight
8_24_4,8,8,person-eight
8_25_1,8,8,person-eight
8_25_2,8,8,person-eight
8_25_3,8,8,person-eight
8_25_4,8,8,person-eight
8_26_1,8,8,person-eight
8_26_2,8,8,person-eight
8_26_3,8,8,person-eight
8_26_4,8,8,person-eight
8_27_1,8,8,person-eight
8_27_2,8,8,person-eight
8_27_3,8,8,person-eight
8_27_4,8,8,person-eight
8_28_1,8,8,person-eight
8_28_2,8,8,person-eight
8_28_3,8,8,person-eight
8_28_4,8,8,person-eight
8_29,8,8,person-eight
8_30,8,8,person-eight
8_31,8,8,person-eight
8_32,8,8,person-eight
8_33,8,8,person-eight
8_34,8,8,person-eight
8_35,8,8,person-eight
8_36,8,8,person-eight
8_37,8,8,person-eight
8_38,8,8,person-eight
8_39,8,8,person-eight
8_40,8,8,person-eight
8_41,8,8,person-eight
8_42,8,8,person-eight
8_43,8,8,person-eight
8_44,8,8,person-eight
8_45,8,8,person-eight
8_46,8,8,person-eight
8_47,8,8,person-eight
8_48,8,8,person-eight
8_49,8,8,person-eight
8_50,8,8,person-eight
8_51,8,8,person-eight
8_52,8,8,person-eight
8_53,8,8,person-eight
8_54,8,8,person-eight
8_55,8,8,person-eight
8_56,8,8,person-eight
8_57,8,8,person-eight
8_58,8,8,person-eight
8_59,8,8,person-eight
8_60,8,8,person-eight
8_61,8,8,person-eight
8_62,8,8,person-eight
8_63,8,8,person-eight
8_64,8,8,person-eight
8_65,8,8,person-eight
8_66,8,8,person-eight
8_67,8,8,person-eight
8_68,8,8,person-eight
8_69,8,8,person-eight
8_70,8,8,person-eight
8_71,8,8,person-eight
8_72,8,8,person-eight
8_73,8,8,person-eight
8_74,8,8,person-eight
8_75,8,8,person-eight
8_76,8,8,person-eight
8_77,8,8,person-eight
8_78,8,8,person-eight
9_1,9,9,person-nine
9_2,9,9,person-nine
9_3,9,9,person-nine
9_4,9,9,person-nine
9_5,9,9,person-nine
9_6,9,9,person-nine
9_7,9,9,person-nine
9_8,9,9,person-nine
9_9,9,9,person-nine
9_10,9,9,person-nine
9_11,9,9,person-nine
9_12,9,9,person-nine
9_13,9,9,person-nine
9_14,9,9,person-nine
9_15,9,9,person-nine
9_16,9,9,person-nine
9_17,9,9,person-nine
9_18,9,9,person-nine
9_19,9,9,person-nine
9_20,9,9,person-nine
9_21_2,9,9,person-nine
9_21_3,9,9,person-nine
9_21_4,9,9,person-nine
9_22_1,9,9,person-nine
9_22_2,9,9,person-nine
9_22_3,9,9,person-nine
9_22_4,9,9,person-nine
9_23_1,9,9,person-nine
9_23_2,9,9,person-nine
9_23_3,9,9,person-nine
9_23_4,9,9,person-nine
9_24_1,9,9,person-nine
9_24_2,9,9,person-nine
9_24_3,9,9,person-nine
9_24_4,9,9,person-nine
9_25_1,9,9,person-nine
9_25_2,9,9,person-nine
9_25_3,9,9,person-nine
9_25_4,9,9,person-nine
9_26_1,9,9,person-nine
9_26_2,9,9,person-nine
9_26_3,9,9,person-nine
9_26_4,9,9,person-nine
9_27_1,9,9,person-nine
9_27_2,9,9,person-nine
9_27_3,9,9,person-nine
9_27_4,9,9,person-nine
9_28_1,9,9,person-nine
9_28_2,9,9,person-nine
9_28_3,9,9,person-nine
9_28_4,9,9,person-nine
9_29,9,9,person-nine
9_30,9,9,person-nine
9_31,9,9,person-nine
9_32,9,9,person-nine
9_33,9,9,person-nine
9_34,9,9,person-nine
9_35,9,9,person-nine
9_36,9,9,person-nine
9_37,9,9,person-nine
9_38,9,9,person-nine
9_39,9,9,person-nine
9_40,9,9,person-nine
9_41,9,9,person-nine
9_42,9,9,person-nine
9_43,9,9,person-nine
9_44,9,9,person-nine
9_45,9,9,person-nine
9_46,9,9,person-nine
9_47,9,9,person-nine
9_48,9,9,person-nine
9_49,9,9,person-nine
9_50,9,9,person-nine
9_51,9,9,person-nine
9_52,9,9,person-nine
9_53,9,9,person-nine
9_54,9,9,person-nine
9_55,9,9,person-nine
9_56,9,9,person-nine
9_57,9,9,person-nine
9_58,9,9,person-nine
9_59,9,9,person-nine
9_60,9,9,person-nine
9_61,9,9,person-nine
9_62,9,9,person-nine
9_63,9,9,person-nine
9_64,9,9,person-nine
9_65,9,9,person-nine
9_66,9,9,person-nine
9_67,9,9,person-nine
9_68,9,9,person-nine
9_69,9,9,person-nine
9_70,9,9,person-nine
9_71,9,9,person-nine
9_72,9,9,person-nine
9_73,9,9,person-nine
9_74,9,9,person-nine
9_75,9,9,person-nine
9_76,9,9,person-nine
9_77,9,9,person-nine
9_78,9,9,person-nine
10_1,10,10,person-ten
10_2,10,10,person-ten
10_3,10,10,person-ten
10_4,10,10,person-ten
10_5,10,10,person-ten
10_6,10,10,person-ten
10_7,10,10,person-ten
10_8,10,10,person-ten
10_9,10,10,person-ten
10_10,10,10,person-ten
10_11,10,10,person-ten
10_12,10,10,person-ten
10_13,10,10,person-ten
10_14,10,10,person-ten
10_15,10,10,person-ten
10_16,10,10,person-ten
10_17,10,10,person-ten
10_18,10,10,person-ten
10_19,10,10,person-ten
10_20,10,10,person-ten
10_21_2,10,10,person-ten
10_21_3,10,10,person-ten
10_21_4,10,10,person-ten
10_22_1,10,10,person-ten
10_22_2,10,10,person-ten
10_22_3,10,10,person-ten
10_22_4,10,10,person-ten
10_23_1,10,10,person-ten
10_23_2,10,10,person-ten
10_23_3,10,10,person-ten
10_23_4,10,10,person-ten
10_24_1,10,10,person-ten
10_24_2,10,10,person-ten
10_24_3,10,10,person-ten
10_24_4,10,10,person-ten
10_25_1,10,10,person-ten
10_25_2,10,10,person-ten
10_25_3,10,10,person-ten
10_25_4,10,10,person-ten
10_26_1,10,10,person-ten
10_26_2,10,10,person-ten
10_26_3,10,10,person-ten
10_26_4,10,10,person-ten
10_27_1,10,10,person-ten
10_27_2,10,10,person-ten
10_27_3,10,10,person-ten
10_27_4,10,10,person-ten
10_28_1,10,10,person-ten
10_28_2,10,10,person-ten
10_28_3,10,10,person-ten
10_28_4,10,10,person-ten
10_29,10,10,person-ten
10_30,10,10,person-ten
10_31,10,10,person-ten
10_32,10,10,person-ten
10_33,10,10,person-ten
10_34,10,10,person-ten
10_35,10,10,person-ten
10_36,10,10,person-ten
10_37,10,10,person-ten
10_38,10,10,person-ten
10_39,10,10,person-ten
10_40,10,10,person-ten
10_41,10,10,person-ten
10_42,10,10,person-ten
10_43,10,10,person-ten
10_44,10,10,person-ten
10_45,10,10,person-ten
10_46,10,10,person-ten
10_47,10,10,person-ten
10_48,10,10,person-ten
10_49,10,10,person-ten
10_50,10,10,person-ten
10_51,10,10,person-ten
10_52,10,10,person-ten
10_53,10,10,person-ten
10_54,10,10,person-ten
10_55,10,10,person-ten
10_56,10,10,person-ten
10_57,10,10,person-ten
10_58,10,10,person-ten
10_59,10,10,person-ten
10_60,10,10,person-ten
10_61,10,10,person-ten
10_62,10,10,person-ten
10_63,10,10,person-ten
10_64,10,10,person-ten
10_65,10,10,person-ten
10_66,10,10,person-ten
10_67,10,10,person-ten
10_68,10,10,person-ten
10_69,10,10,person-ten
10_70,10,10,person-ten
10_71,10,10,person-ten
10_72,10,10,person-ten
10_73,10,10,person-ten
10_74,10,10,person-ten
10_75,10,10,person-ten
10_76,10,10,person-ten
10_77,10,10,person-ten
10_78,10,10,person-ten
11_1,11,11,Danish
11_2,11,11,Danish
11_3,11,11,Danish
11_4,11,11,Danish
11_5,11,11,Danish
11_6,11,11,Danish
11_7,11,11,Danish
11_8,11,11,Danish
11_9,11,11,Danish
11_10,11,11,Danish
11_11,11,11,Danish
11_12,11,11,Danish
11_13,11,11,Danish
11_14,11,11,Danish
11_15,11,11,Danish
11_16,11,11,Danish
11_17,11,11,Danish
11_18,11,11,Danish
11_19,11,11,Danish
11_20,11,11,Danish
11_21_2,11,11,Danish
11_21_3,11,11,Danish
11_21_4,11,11,Danish
11_22_1,11,11,Danish
11_22_2,11,11,Danish
11_22_3,11,11,Danish
11_22_4,11,11,Danish
11_23_1,11,11,Danish
11_23_2,11,11,Danish
11_23_3,11,11,Danish
11_23_4,11,11,Danish
11_24_1,11,11,Danish
11_24_2,11,11,Danish
11_24_3,11,11,Danish
11_24_4,11,11,Danish
11_25_1,11,11,Danish
11_25_2,11,11,Danish
11_25_3,11,11,Danish
11_25_4,11,11,Danish
11_26_1,11,11,Danish
11_26_2,11,11,Danish
11_26_3,11,11,Danish
11_26_4,11,11,Danish
11_27_1,11,11,Danish
11_27_2,11,11,Danish
11_27_3,11,11,Danish
11_27_4,11,11,Danish
11_28_1,11,11,Danish
11_28_2,11,11,Danish
11_28_3,11,11,Danish
11_28_4,11,11,Danish
11_29,11,11,Danish
11_30,11,11,Danish
11_31,11,11,Danish
11_32,11,11,Danish
11_33,11,11,Danish
11_34,11,11,Danish
11_35,11,11,Danish
11_36,11,11,Danish
11_37,11,11,Danish
11_38,11,11,Danish
11_39,11,11,Danish
11_40,11,11,Danish
11_41,11,11,Danish
11_42,11,11,Danish
11_43,11,11,Danish
11_44,11,11,Danish
11_45,11,11,Danish
11_46,11,11,Danish
11_47,11,11,Danish
11_48,11,11,Danish
11_49,11,11,Danish
11_50,11,11,Danish
11_51,11,11,Danish
11_52,11,11,Danish
11_53,11,11,Danish
11_54,11,11,Danish
11_55,11,11,Danish
11_56,11,11,Danish
11_57,11,11,Danish
11_58,11,11,Danish
11_59,11,11,Danish
11_60,11,11,Danish
11_61,11,11,Danish
11_62,11,11,Danish
11_63,11,11,Danish
11_64,11,11,Danish
11_65,11,11,Danish
11_66,11,11,Danish
11_67,11,11,Danish
11_68,11,11,Danish
11_69,11,11,Danish
11_70,11,11,Danish
11_71,11,11,Danish
11_72,11,11,Danish
11_73,11,11,Danish
11_74,11,11,Danish
11_75,11,11,Danish
11_76,11,11,Danish
11_77,11,11,Danish
11_78,11,11,Danish
12_1,12,12,person-twelve
12_2,12,12,person-twelve
12_3,12,12,person-twelve
12_4,12,12,person-twelve
12_5,12,12,person-twelve
12_6,12,12,person-twelve
12_7,12,12,person-twelve
12_8,12,12,person-twelve
12_9,12,12,person-twelve
12_10,12,12,person-twelve
12_11,12,12,person-twelve
12_12,12,12,person-twelve
12_13,12,12,person-twelve
12_14,12,12,person-twelve
12_15,12,12,person-twelve
12_16,12,12,person-twelve
12_17,12,12,person-twelve
12_18,12,12,person-twelve
12_19,12,12,person-twelve
12_20,12,12,person-twelve
12_21_2,12,12,person-twelve
12_21_3,12,12,person-twelve
12_21_4,12,12,person-twelve
12_22_1,12,12,person-twelve
12_22_2,12,12,person-twelve
12_22_3,12,12,person-twelve
12_22_4,12,12,person-twelve
12_23_1,12,12,person-twelve
12_23_2,12,12,person-twelve
12_23_3,12,12,person-twelve
12_23_4,12,12,person-twelve
12_24_1,12,12,person-twelve
12_24_2,12,12,person-twelve
12_24_3,12,12,person-twelve
12_24_4,12,12,person-twelve
12_25_1,12,12,person-twelve
12_25_2,12,12,person-twelve
12_25_3,12,12,person-twelve
12_25_4,12,12,person-twelve
12_26_1,12,12,person-twelve
12_26_2,12,12,person-twelve
12_26_3,12,12,person-twelve
12_26_4,12,12,person-twelve
12_27_1,12,12,person-twelve
12_27_2,12,12,person-twelve
12_27_3,12,12,person-twelve
12_27_4,12,12,person-twelve
12_28_1,12,12,person-twelve
12_28_2,12,12,person-twelve
12_28_3,12,12,person-twelve
12_28_4,12,12,person-twelve
12_29,12,12,person-twelve
12_30,12,12,person-twelve
12_31,12,12,person-twelve
12_32,12,12,person-twelve
12_33,12,12,person-twelve
12_34,12,12,person-twelve
12_35,12,12,person-twelve
12_36,12,12,person-twelve
12_37,12,12,person-twelve
12_38,12,12,person-twelve
12_39,12,12,person-twelve
12_40,12,12,person-twelve
12_41,12,12,person-twelve
12_42,12,12,person-twelve
12_43,12,12,person-twelve
12_44,12,12,person-twelve
12_45,12,12,person-twelve
12_46,12,12,person-twelve
12_47,12,12,person-twelve
12_48,12,12,person-twelve
12_49,12,12,person-twelve
12_50,12,12,person-twelve
12_51,12,12,person-twelve
12_52,12,12,person-twelve
12_53,12,12,person-twelve
12_54,12,12,person-twelve
12_55,12,12,person-twelve
12_56,12,12,person-twelve
12_57,12,12,person-twelve
12_58,12,12,person-twelve
12_59,12,12,person-twelve
12_60,12,12,person-twelve
12_61,12,12,person-twelve
12_62,12,12,person-twelve
12_63,12,12,person-twelve
12_64,12,12,person-twelve
12_65,12,12,person-twelve
12_66,12,12,person-twelve
12_67,12,12,person-twelve
12_68,12,12,person-twelve
12_69,12,12,person-twelve
12_70,12,12,person-twelve
12_71,12,12,person-twelve
12_72,12,12,person-twelve
12_73,12,12,person-twelve
12_74,12,12,person-twelve
12_75,12,12,person-twelve
12_76,12,12,person-twelve
12_77,12,12,person-twelve
12_78,12,12,person-twelve
13_1,13,13,person-thirteen
13_2,13,13,person-thirteen
13_3,13,13,person-thirteen
13_4,13,13,person-thirteen
13_5,13,13,person-thirteen
13_6,13,13,person-thirteen
13_7,13,13,person-thirteen
13_8,13,13,person-thirteen
13_9,13,13,person-thirteen
13_10,13,13,person-thirteen
13_11,13,13,person-thirteen
13_12,13,13,person-thirteen
13_13,13,13,person-thirteen
13_14,13,13,person-thirteen
13_15,13,13,person-thirteen
13_16,13,13,person-thirteen
13_17,13,13,person-thirteen
13_18,13,13,person-thirteen
13_19,13,13,person-thirteen
13_20,13,13,person-thirteen
13_21_2,13,13,person-thirteen
13_21_3,13,13,person-thirteen
13_21_4,13,13,person-thirteen
13_22_1,13,13,person-thirteen
13_22_2,13,13,person-thirteen
13_22_3,13,13,person-thirteen
13_22_4,13,13,person-thirteen
13_23_1,13,13,person-thirteen
13_23_2,13,13,person-thirteen
13_23_3,13,13,person-thirteen
13_23_4,13,13,person-thirteen
13_24_1,13,13,person-thirteen
13_24_2,13,13,person-thirteen
13_24_3,13,13,person-thirteen
13_24_4,13,13,person-thirteen
13_25_1,13,13,person-thirteen
13_25_2,13,13,person-thirteen
13_25_3,13,13,person-thirteen
13_25_4,13,13,person-thirteen
13_26_1,13,13,person-thirteen
13_26_2,13,13,person-thirteen
13_26_3,13,13,person-thirteen
13_26_4,13,13,person-thirteen
13_27_1,13,13,person-thirteen
13_27_2,13,13,person-thirteen
13_27_3,13,13,person-thirteen
13_27_4,13,13,person-thirteen
13_28_1,13,13,person-thirteen
13_28_2,13,13,person-thirteen
13_28_3,13,13,person-thirteen
13_28_4,13,13,person-thirteen
13_29,13,13,person-thirteen
13_30,13,13,person-thirteen
13_31,13,13,person-thirteen
13_32,13,13,person-thirteen
13_33,13,13,person-thirteen
13_34,13,13,person-thirteen
13_35,13,13,person-thirteen
13_36,13,13,person-thirteen
13_37,13,13,person-thirteen
13_38,13,13,person-thirteen
13_39,13,13,person-thirteen
13_40,13,13,person-thirteen
13_41,13,13,person-thirteen
13_42,13,13,person-thirteen
13_43,13,13,person-thirteen
13_44,13,13,person-thirteen
13_45,13,13,person-thirteen
13_46,13,13,person-thirteen
13_47,13,13,person-thirteen
13_48,13,13,person-thirteen
13_49,13,13,person-thirteen
13_50,13,13,person-thirteen
13_51,13,13,person-thirteen
13_52,13,13,person-thirteen
13_53,13,13,person-thirteen
13_54,13,13,person-thirteen
13_55,13,13,person-thirteen
13_56,13,13,person-thirteen
13_57,13,13,person-thirteen
13_58,13,13,person-thirteen
13_59,13,13,person-thirteen
13_60,13,13,person-thirteen
13_61,13,13,person-thirteen
13_62,13,13,person-thirteen
13_63,13,13,person-thirteen
13_64,13,13,person-thirteen
13_65,13,13,person-thirteen
13_66,13,13,person-thirteen
13_67,13,13,person-thirteen
13_68,13,13,person-thirteen
13_69,13,13,person-thirteen
13_70,13,13,person-thirteen
13_71,13,13,person-thirteen
13_72,13,13,person-thirteen
13_73,13,13,person-thirteen
13_74,13,13,person-thirteen
13_75,13,13,person-thirteen
13_76,13,13,person-thirteen
13_77,13,13,person-thirteen
13_78,13,13,person-thirteen
14_1,14,14,person-fourteen
14_2,14,14,person-fourteen
14_3,14,14,person-fourteen
14_4,14,14,person-fourteen
14_5,14,14,person-fourteen
14_6,14,14,person-fourteen
14_7,14,14,person-fourteen
14_8,14,14,person-fourteen
14_9,14,14,person-fourteen
14_10,14,14,person-fourteen
14_11,14,14,person-fourteen
14_12,14,14,person-fourteen
14_13,14,14,person-fourteen
14_14,14,14,person-fourteen
14_15,14,14,person-fourteen
14_16,14,14,person-fourteen
14_17,14,14,person-fourteen
14_18,14,14,person-fourteen
14_19,14,14,person-fourteen
14_20,14,14,person-fourteen
14_21_2,14,14,person-fourteen
14_21_3,14,14,person-fourteen
14_21_4,14,14,person-fourteen
14_22_1,14,14,person-fourteen
14_22_2,14,14,person-fourteen
14_22_3,14,14,person-fourteen
14_22_4,14,14,person-fourteen
14_23_1,14,14,person-fourteen
14_23_2,14,14,person-fourteen
14_23_3,14,14,person-fourteen
14_23_4,14,14,person-fourteen
14_24_1,14,14,person-fourteen
14_24_2,14,14,person-fourteen
14_24_3,14,14,person-fourteen
14_24_4,14,14,person-fourteen
14_25_1,14,14,person-fourteen
14_25_2,14,14,person-fourteen
14_25_3,14,14,person-fourteen
14_25_4,14,14,person-fourteen
14_26_1,14,14,person-fourteen
14_26_2,14,14,person-fourteen
14_26_3,14,14,person-fourteen
14_26_4,14,14,person-fourteen
14_27_1,14,14,person-fourteen
14_27_2,14,14,person-fourteen
14_27_3,14,14,person-fourteen
14_27_4,14,14,person-fourteen
14_28_1,14,14,person-fourteen
14_28_2,14,14,person-fourteen
14_28_3,14,14,person-fourteen
14_28_4,14,14,person-fourteen
14_29,14,14,person-fourteen
14_30,14,14,person-fourteen
14_31,14,14,person-fourteen
14_32,14,14,person-fourteen
14_33,14,14,person-fourteen
14_34,14,14,person-fourteen
14_35,14,14,person-fourteen
14_36,14,14,person-fourteen
14_37,14,14,person-fourteen
14_38,14,14,person-fourteen
14_39,14,14,person-fourteen
14_40,14,14,person-fourteen
14_41,14,14,person-fourteen
14_42,14,14,person-fourteen
14_43,14,14,person-fourteen
14_44,14,14,person-fourteen
14_45,14,14,person-fourteen
14_46,14,14,person-fourteen
14_47,14,14,person-fourteen
14_48,14,14,person-fourteen
14_49,14,14,person-fourteen
14_50,14,14,person-fourteen
14_51,14,14,person-fourteen
14_52,14,14,person-fourteen
14_53,14,14,person-fourteen
14_54,14,14,person-fourteen
14_55,14,14,person-fourteen
14_56,14,14,person-fourteen
14_57,14,14,person-fourteen
14_58,14,14,person-fourteen
14_59,14,14,person-fourteen
14_60,14,14,person-fourteen
14_61,14,14,person-fourteen
14_62,14,14,person-fourteen
14_63,14,14,person-fourteen
14_64,14,14,person-fourteen
14_65,14,14,person-fourteen
14_66,14,14,person-fourteen
14_67,14,14,person-fourteen
14_68,14,14,person-fourteen
14_69,14,14,person-fourteen
14_70,14,14,person-fourteen
14_71,14,14,person-fourteen
14_72,14,14,person-fourteen
14_73,14,14,person-fourteen
14_74,14,14,person-fourteen
14_75,14,14,person-fourteen
14_76,14,14,person-fourteen
14_77,14,14,person-fourteen
14_78,14,14,person-fourteen
15_1,15,15,Kid
15_2,15,15,Kid
15_3,15,15,Kid
15_4,15,15,Kid
15_5,15,15,Kid
15_6,15,15,Kid
15_7,15,15,Kid
15_8,15,15,Kid
15_9,15,15,Kid
15_10,15,15,Kid
15_11,15,15,Kid
15_12,15,15,Kid
15_13,15,15,Kid
15_14,15,15,Kid
15_15,15,15,Kid
15_16,15,15,Kid
15_17,15,15,Kid
15_18,15,15,Kid
15_19,15,15,Kid
15_20,15,15,Kid
15_21_2,15,15,Kid
15_21_3,15,15,Kid
15_21_4,15,15,Kid
15_22_1,15,15,Kid
15_22_2,15,15,Kid
15_22_3,15,15,Kid
15_22_4,15,15,Kid
15_23_1,15,15,Kid
15_23_2,15,15,Kid
15_23_3,15,15,Kid
15_23_4,15,15,Kid
15_24_1,15,15,Kid
15_24_2,15,15,Kid
15_24_3,15,15,Kid
15_24_4,15,15,Kid
15_25_1,15,15,Kid
15_25_2,15,15,Kid
15_25_3,15,15,Kid
15_25_4,15,15,Kid
15_26_1,15,15,Kid
15_26_2,15,15,Kid
15_26_3,15,15,Kid
15_26_4,15,15,Kid
15_27_1,15,15,Kid
15_27_2,15,15,Kid
15_27_3,15,15,Kid
15_27_4,15,15,Kid
15_28_1,15,15,Kid
15_28_2,15,15,Kid
15_28_3,15,15,Kid
15_28_4,15,15,Kid
15_29,15,15,Kid
15_30,15,15,Kid
15_31,15,15,Kid
15_32,15,15,Kid
15_33,15,15,Kid
15_34,15,15,Kid
15_35,15,15,Kid
15_36,15,15,Kid
15_37,15,15,Kid
15_38,15,15,Kid
15_39,15,15,Kid
15_40,15,15,Kid
15_41,15,15,Kid
15_42,15,15,Kid
15_43,15,15,Kid
15_44,15,15,Kid
15_45,15,15,Kid
15_46,15,15,Kid
15_47,15,15,Kid
15_48,15,15,Kid
15_49,15,15,Kid
15_50,15,15,Kid
15_51,15,15,Kid
15_52,15,15,Kid
15_53,15,15,Kid
15_54,15,15,Kid
15_55,15,15,Kid
15_56,15,15,Kid
15_57,15,15,Kid
15_58,15,15,Kid
15_59,15,15,Kid
15_60,15,15,Kid
15_61,15,15,Kid
15_62,15,15,Kid
15_63,15,15,Kid
15_64,15,15,Kid
15_65,15,15,Kid
15_66,15,15,Kid
15_67,15,15,Kid
15_68,15,15,Kid
15_69,15,15,Kid
15_70,15,15,Kid
15_71,15,15,Kid
15_72,15,15,Kid
15_73,15,15,Kid
15_74,15,15,Kid
15_75,15,15,Kid
15_76,15,15,Kid
15_77,15,15,Kid
15_78,15,15,Kid
16_1,16,16,teenager
16_2,16,16,teenager
16_3,16,16,teenager
16_4,16,16,teenager
16_5,16,16,teenager
16_6,16,16,teenager
16_7,16,16,teenager
16_8,16,16,teenager
16_9,16,16,teenager
16_10,16,16,teenager
16_11,16,16,teenager
16_12,16,16,teenager
16_13,16,16,teenager
16_14,16,16,teenager
16_15,16,16,teenager
16_16,16,16,teenager
16_17,16,16,teenager
16_18,16,16,teenager
16_19,16,16,teenager
16_20,16,16,teenager
16_21_2,16,16,teenager
16_21_3,16,16,teenager
16_21_4,16,16,teenager
16_22_1,16,16,teenager
16_22_2,16,16,teenager
16_22_3,16,16,teenager
16_22_4,16,16,teenager
16_23_1,16,16,teenager
16_23_2,16,16,teenager
16_23_3,16,16,teenager
16_23_4,16,16,teenager
16_24_1,16,16,teenager
16_24_2,16,16,teenager
16_24_3,16,16,teenager
16_24_4,16,16,teenager
16_25_1,16,16,teenager
16_25_2,16,16,teenager
16_25_3,16,16,teenager
16_25_4,16,16,teenager
16_26_1,16,16,teenager
16_26_2,16,16,teenager
16_26_3,16,16,teenager
16_26_4,16,16,teenager
16_27_1,16,16,teenager
16_27_2,16,16,teenager
16_27_3,16,16,teenager
16_27_4,16,16,teenager
16_28_1,16,16,teenager
16_28_2,16,16,teenager
16_28_3,16,16,teenager
16_28_4,16,16,teenager
16_29,16,16,teenager
16_30,16,16,teenager
16_31,16,16,teenager
16_32,16,16,teenager
16_33,16,16,teenager
16_34,16,16,teenager
16_35,16,16,teenager
16_36,16,16,teenager
16_37,16,16,teenager
16_38,16,16,teenager
16_39,16,16,teenager
16_40,16,16,teenager
16_41,16,16,teenager
16_42,16,16,teenager
16_43,16,16,teenager
16_44,16,16,teenager
16_45,16,16,teenager
16_46,16,16,teenager
16_47,16,16,teenager
16_48,16,16,teenager
16_49,16,16,teenager
16_50,16,16,teenager
16_51,16,16,teenager
16_52,16,16,teenager
16_53,16,16,teenager
16_54,16,16,teenager
16_55,16,16,teenager
16_56,16,16,teenager
16_57,16,16,teenager
16_58,16,16,teenager
16_59,16,16,teenager
16_60,16,16,teenager
16_61,16,16,teenager
16_62,16,16,teenager
16_63,16,16,teenager
16_64,16,16,teenager
16_65,16,16,teenager
16_66,16,16,teenager
16_67,16,16,teenager
16_68,16,16,teenager
16_69,16,16,teenager
16_70,16,16,teenager
16_71,16,16,teenager
16_72,16,16,teenager
16_73,16,16,teenager
16_74,16,16,teenager
16_75,16,16,teenager
16_76,16,16,teenager
16_77,16,16,teenager
16_78,16,16,teenager
17_1,17,17,Woman
17_2,17,17,Woman
17_3,17,17,Woman
17_4,17,17,Woman
17_5,17,17,Woman
17_6,17,17,Woman
17_7,17,17,Woman
17_8,17,17,Woman
17_9,17,17,Woman
17_10,17,17,Woman
17_11,17,17,Woman
17_12,17,17,Woman
17_13,17,17,Woman
17_14,17,17,Woman
17_15,17,17,Woman
17_16,17,17,Woman
17_17,17,17,Woman
17_18,17,17,Woman
17_19,17,17,Woman
17_20,17,17,Woman
17_21_2,17,17,Woman
17_21_3,17,17,Woman
17_21_4,17,17,Woman
17_22_1,17,17,Woman
17_22_2,17,17,Woman
17_22_3,17,17,Woman
17_22_4,17,17,Woman
17_23_1,17,17,Woman
17_23_2,17,17,Woman
17_23_3,17,17,Woman
17_23_4,17,17,Woman
17_24_1,17,17,Woman
17_24_2,17,17,Woman
17_24_3,17,17,Woman
17_24_4,17,17,Woman
17_25_1,17,17,Woman
17_25_2,17,17,Woman
17_25_3,17,17,Woman
17_25_4,17,17,Woman
17_26_1,17,17,Woman
17_26_2,17,17,Woman
17_26_3,17,17,Woman
17_26_4,17,17,Woman
17_27_1,17,17,Woman
17_27_2,17,17,Woman
17_27_3,17,17,Woman
17_27_4,17,17,Woman
17_28_1,17,17,Woman
17_28_2,17,17,Woman
17_28_3,17,17,Woman
17_28_4,17,17,Woman
17_29,17,17,Woman
17_30,17,17,Woman
17_31,17,17,Woman
17_32,17,17,Woman
17_33,17,17,Woman
17_34,17,17,Woman
17_35,17,17,Woman
17_36,17,17,Woman
17_37,17,17,Woman
17_38,17,17,Woman
17_39,17,17,Woman
17_40,17,17,Woman
17_41,17,17,Woman
17_42,17,17,Woman
17_43,17,17,Woman
17_44,17,17,Woman
17_45,17,17,Woman
17_46,17,17,Woman
17_47,17,17,Woman
17_48,17,17,Woman
17_49,17,17,Woman
17_50,17,17,Woman
17_51,17,17,Woman
17_52,17,17,Woman
17_53,17,17,Woman
17_54,17,17,Woman
17_55,17,17,Woman
17_56,17,17,Woman
17_57,17,17,Woman
17_58,17,17,Woman
17_59,17,17,Woman
17_60,17,17,Woman
17_61,17,17,Woman
17_62,17,17,Woman
17_63,17,17,Woman
17_64,17,17,Woman
17_65,17,17,Woman
17_66,17,17,Woman
17_67,17,17,Woman
17_68,17,17,Woman
17_69,17,17,Woman
17_70,17,17,Woman
17_71,17,17,Woman
17_72,17,17,Woman
17_73,17,17,Woman
17_74,17,17,Woman
17_75,17,17,Woman
17_76,17,17,Woman
17_77,17,17,Woman
17_78,17,17,Woman
18_1,18,18,person-eightteen
18_2,18,18,person-eightteen
18_3,18,18,person-eightteen
18_4,18,18,person-eightteen
18_5,18,18,person-eightteen
18_6,18,18,person-eightteen
18_7,18,18,person-eightteen
18_8,18,18,person-eightteen
18_9,18,18,person-eightteen
18_10,18,18,person-eightteen
18_11,18,18,person-eightteen
18_12,18,18,person-eightteen
18_13,18,18,person-eightteen
18_14,18,18,person-eightteen
18_15,18,18,person-eightteen
18_16,18,18,person-eightteen
18_17,18,18,person-eightteen
18_18,18,18,person-eightteen
18_19,18,18,person-eightteen
18_20,18,18,person-eightteen
18_21_2,18,18,person-eightteen
18_21_3,18,18,person-eightteen
18_21_4,18,18,person-eightteen
18_22_1,18,18,person-eightteen
18_22_2,18,18,person-eightteen
18_22_3,18,18,person-eightteen
18_22_4,18,18,person-eightteen
18_23_1,18,18,person-eightteen
18_23_2,18,18,person-eightteen
18_23_3,18,18,person-eightteen
18_23_4,18,18,person-eightteen
18_24_1,18,18,person-eightteen
18_24_2,18,18,person-eightteen
18_24_3,18,18,person-eightteen
18_24_4,18,18,person-eightteen
18_25_1,18,18,person-eightteen
18_25_2,18,18,person-eightteen
18_25_3,18,18,person-eightteen
18_25_4,18,18,person-eightteen
18_26_1,18,18,person-eightteen
18_26_2,18,18,person-eightteen
18_26_3,18,18,person-eightteen
18_26_4,18,18,person-eightteen
18_27_1,18,18,person-eightteen
18_27_2,18,18,person-eightteen
18_27_3,18,18,person-eightteen
18_27_4,18,18,person-eightteen
18_28_1,18,18,person-eightteen
18_28_2,18,18,person-eightteen
18_28_3,18,18,person-eightteen
18_28_4,18,18,person-eightteen
18_29,18,18,person-eightteen
18_30,18,18,person-eightteen
18_31,18,18,person-eightteen
18_32,18,18,person-eightteen
18_33,18,18,person-eightteen
18_34,18,18,person-eightteen
18_35,18,18,person-eightteen
18_36,18,18,person-eightteen
18_37,18,18,person-eightteen
18_38,18,18,person-eightteen
18_39,18,18,person-eightteen
18_40,18,18,person-eightteen
18_41,18,18,person-eightteen
18_42,18,18,person-eightteen
18_43,18,18,person-eightteen
18_44,18,18,person-eightteen
18_45,18,18,person-eightteen
18_46,18,18,person-eightteen
18_47,18,18,person-eightteen
18_48,18,18,person-eightteen
18_49,18,18,person-eightteen
18_50,18,18,person-eightteen
18_51,18,18,person-eightteen
18_52,18,18,person-eightteen
18_53,18,18,person-eightteen
18_54,18,18,person-eightteen
18_55,18,18,person-eightteen
18_56,18,18,person-eightteen
18_57,18,18,person-eightteen
18_58,18,18,person-eightteen
18_59,18,18,person-eightteen
18_60,18,18,person-eightteen
18_61,18,18,person-eightteen
18_62,18,18,person-eightteen
18_63,18,18,person-eightteen
18_64,18,18,person-eightteen
18_65,18,18,person-eightteen
18_66,18,18,person-eightteen
18_67,18,18,person-eightteen
18_68,18,18,person-eightteen
18_69,18,18,person-eightteen
18_70,18,18,person-eightteen
18_71,18,18,person-eightteen
18_72,18,18,person-eightteen
18_73,18,18,person-eightteen
18_74,18,18,person-eightteen
18_75,18,18,person-eightteen
18_76,18,18,person-eightteen
18_77,18,18,person-eightteen
18_78,18,18,person-eightteen
19_1,19,19,person-nineteen
19_2,19,19,person-nineteen
19_3,19,19,person-nineteen
19_4,19,19,person-nineteen
19_5,19,19,person-nineteen
19_6,19,19,person-nineteen
19_7,19,19,person-nineteen
19_8,19,19,person-nineteen
19_9,19,19,person-nineteen
19_10,19,19,person-nineteen
19_11,19,19,person-nineteen
19_12,19,19,person-nineteen
19_13,19,19,person-nineteen
19_14,19,19,person-nineteen
19_15,19,19,person-nineteen
19_16,19,19,person-nineteen
19_17,19,19,person-nineteen
19_18,19,19,person-nineteen
19_19,19,19,person-nineteen
19_20,19,19,person-nineteen
19_21_2,19,19,person-nineteen
19_21_3,19,19,person-nineteen
19_21_4,19,19,person-nineteen
19_22_1,19,19,person-nineteen
19_22_2,19,19,person-nineteen
19_22_3,19,19,person-nineteen
19_22_4,19,19,person-nineteen
19_23_1,19,19,person-nineteen
19_23_2,19,19,person-nineteen
19_23_3,19,19,person-nineteen
19_23_4,19,19,person-nineteen
19_24_1,19,19,person-nineteen
19_24_2,19,19,person-nineteen
19_24_3,19,19,person-nineteen
19_24_4,19,19,person-nineteen
19_25_1,19,19,person-nineteen
19_25_2,19,19,person-nineteen
19_25_3,19,19,person-nineteen
19_25_4,19,19,person-nineteen
19_26_1,19,19,person-nineteen
19_26_2,19,19,person-nineteen
19_26_3,19,19,person-nineteen
19_26_4,19,19,person-nineteen
19_27_1,19,19,person-nineteen
19_27_2,19,19,person-nineteen
19_27_3,19,19,person-nineteen
19_27_4,19,19,person-nineteen
19_28_1,19,19,person-nineteen
19_28_2,19,19,person-nineteen
19_28_3,19,19,person-nineteen
19_28_4,19,19,person-nineteen
19_29,19,19,person-nineteen
19_30,19,19,person-nineteen
19_31,19,19,person-nineteen
19_32,19,19,person-nineteen
19_33,19,19,person-nineteen
19_34,19,19,person-nineteen
19_35,19,19,person-nineteen
19_36,19,19,person-nineteen
19_37,19,19,person-nineteen
19_38,19,19,person-nineteen
19_39,19,19,person-nineteen
19_40,19,19,person-nineteen
19_41,19,19,person-nineteen
19_42,19,19,person-nineteen
19_43,19,19,person-nineteen
19_44,19,19,person-nineteen
19_45,19,19,person-nineteen
19_46,19,19,person-nineteen
19_47,19,19,person-nineteen
19_48,19,19,person-nineteen
19_49,19,19,person-nineteen
19_50,19,19,person-nineteen
19_51,19,19,person-nineteen
19_52,19,19,person-nineteen
19_53,19,19,person-nineteen
19_54,19,19,person-nineteen
19_55,19,19,person-nineteen
19_56,19,19,person-nineteen
19_57,19,19,person-nineteen
19_58,19,19,person-nineteen
19_59,19,19,person-nineteen
19_60,19,19,person-nineteen
19_61,19,19,person-nineteen
19_62,19,19,person-nineteen
19_63,19,19,person-nineteen
19_64,19,19,person-nineteen
19_65,19,19,person-nineteen
19_66,19,19,person-nineteen
19_67,19,19,person-nineteen
19_68,19,19,person-nineteen
19_69,19,19,person-nineteen
19_70,19,19,person-nineteen
19_71,19,19,person-nineteen
19_72,19,19,person-nineteen
19_73,19,19,person-nineteen
19_74,19,19,person-nineteen
19_75,19,19,person-nineteen
19_76,19,19,person-nineteen
19_77,19,19,person-nineteen
19_78,19,19,person-nineteen
